slug,status,priority,title,topic,audience,goal,brief,structure,offer,cta,template,tone,script_persona,duration_target_s,must_include,avoid,source_urls,voiceover_status,render_mode,render_url,job_id,notes,content_folder,audio_folder,remote_command,last_updated,reel_job_id,reel_publish_at,reel_platforms,reel_status,reel_instagram_status,reel_facebook_status,reel_instagram_media_id,reel_facebook_error
rank-rent-seo-local-canalla,needs_review,media,El fin de las agencias de SEO tradicionales,Modelo de negocio Rank and Rent para SEO local,Consultores SEO y diseñadores web quemados de agencias,Demostrar la rentabilidad del Rank and Rent frente al SEO de clientes,"Deja de vender SEO a clientes pesados. Crea tus propias webs de servicios locales, genera llamadas con un mensaje susurrado automático y alquílaselas a un contratista por una renta semanal.","Hook: ¿Sigues mendigando clientes de SEO corporativos para que te paguen una miseria?; Problema: El modelo de agencia tradicional está roto porque cualquier cliente puede cancelar al no entender tus métricas.; Sistema: Posiciona tus propias webs de reformas locales, añade un número de rastreo con mensaje susurrado, envía llamadas gratis al principio y luego cobra una renta fija semanal.; Payoff: Al ser dueño del dominio y del teléfono, si el contratista no paga, rediriges las llamadas a su competidor.; CTA: Comenta RENTAR para recibir el blueprint completo por privado.",Blueprint técnico de Rank and Rent y telefonía de rastreo,Comenta RENTAR,light-workshop,"Canalla, directo, sarcástico, español de España",assets/character/personas/main-narrator.md,50,Webs propias; llamadas telefónicas; mensaje susurrado; cobro semanal; control total de la web y número; redirigir llamadas al competidor,Nombres propios; falsas promesas de dinero sin esfuerzo; lenguaje corporativo,,generated,draft,https://pub-5d88690ab45b4187800a2f33589c6c13.r2.dev/hyperframes/drafts/rank-rent-seo-local-canalla-20260829-121609.mp4,hfb-rank-rent-seo-local-canalla-1788005679285,Draft remoto 54.9s generado por VPS con tarjetas Light Workshop ampliadas; pendiente de revisión.,,,,2026-08-29,,,,,,,,
lanzamiento-seo-cero-a-cien-enlaces,scheduled,alta,Lanzamiento SEO 0 a 100 sin quemar el dominio,Estrategia de lanzamiento 0 a 100 y gestion inicial de enlaces,"SEOs, consultores, builders de nichos y duenos de proyectos web nuevos","Explicar como lanzar un sitio completo, activar senales iniciales y escalar enlaces de forma proporcional al tamano del proyecto.","Construye la web completa en staging, publicala el dia 1, fuerza sitemap/Search Console, activa enlaces de confianza y escala el link building segun el tamano real del sitio.","Hook: Si lanzas una web nueva poco a poco, Google ve migas sueltas.; Staging: Construye completo y bloquea indexacion hasta estar listo.; Dia 1: Publica todo, sube sitemap y fuerza URLs importantes en Search Console.; Senales: Activa perfiles sociales, directorios, citas locales y referencias reales.; Escala: Ajusta enlaces al tamano del sitio y repartelos por varias URLs.; CTA: Comenta LANZAR para recibir la checklist.",Checklist de lanzamiento SEO 0 a 100,Comenta LANZAR,data-lab,"claro, directo, retencion, sin bromas",assets/character/personas/social-retention-teacher.md,50,staging cerrado; no indexar antes de tiempo; dia 1 completo; Search Console; sitemap; 50-150 enlaces de confianza; escala proporcional; 100-200 enlaces para 1.000 paginas; 5 enlaces al mes para 10 paginas; perfiles sociales activos con IA,citas de NotebookLM; promesas garantizadas; afirmar penalizacion automatica; concentrar todos los enlaces en una sola URL; humor canalla; palabrotas,,generated,draft,https://media.urltovideo.es/hyperframes/drafts/lanzamiento-seo-cero-a-cien-enlaces-20260921-190210.mp4,hfb-lanzamiento-seo-cero-a-cien-enlaces-1790017307122,"Draft remoto data-lab generado en VPS. Audio por escenas 48.9s. Primer job fallo por etiquetas largas en timeline; corregido y rerender completado con check, snapshots y subida a R2. Pendiente de revision. Reel scheduled through n8n for 2026-09-22T08:47:00.056Z (instagram, facebook).",content/video-queue/pending/lanzamiento-seo-cero-a-cien-enlaces,assets/character/audio/generated/lanzamiento-seo-cero-a-cien-enlaces,node scripts\trigger-n8n-build-render.mjs --slug lanzamiento-seo-cero-a-cien-enlaces --mode draft --template data-lab,2026-09-21,reel-lanzamiento-seo-cero-a-cien-enlaces-1790066820062,2026-09-22T08:47:00.056Z,"instagram,facebook",partial_error,published,retry,17907908601520750,Request failed with status code 403
puentes-tematicos-seo,needs_review,media,Puentes temáticos para ampliar una web sin perder el foco,"SEO, ampliación temática y enlaces entre contenidos relacionados",Profesionales de SEO y responsables de webs de contenido,Explicar cómo conectar dos temas adyacentes con contenido útil para la audiencia,Web de pérdida de peso y jardinería: la guía sobre cultivar verduras para preparar comidas equilibradas sirve de puente útil.,Gancho: cambio brusco de tema; Matiz: no existe penalización automática; Puente: guía relevante; Método: enlaces y Search Console; CTA: proponer dos temas.,,¿Qué dos temas conectarías tú? Te leo en comentarios.,data-lab,"Claro, directo, sin bromas ni certezas SEO infundadas",assets/character/personas/social-retention-teacher.md,55,Ejemplo de pérdida de peso y jardinería; página puente útil; enlaces pertinentes; mantener foco en el público,Referencias numéricas externas; cifras no verificadas del caso Floate; penalización automática; garantías de ranking,https://developers.google.com/search/docs/fundamentals/creating-helpful-content https://developers.google.com/search/docs/crawling-indexing/links-crawlable,not_started,draft,https://media.urltovideo.es/hyperframes/drafts/puentes-tematicos-seo-20260927-232014.mp4,hfb-puentes-tematicos-seo-36358283326,,content/video-queue/pending/puentes-tematicos-seo,assets/character/audio/generated/puentes-tematicos-seo,GitHub issue labels: hyperframes:validate; hyperframes:render-draft,2026-09-27,,,,,,,,
puentes-tematicos-seo-v2,needs_review,media,Puentes temáticos: de pérdida de peso a jardinería sin perder el hilo,SEO: relación entre contenido de pérdida de peso y jardinería,Profesionales SEO y responsables de webs de contenido,Mostrar cómo una página puente puede conectar necesidades reales de la audiencia,Segunda versión del vídeo de puentes temáticos con voz y personalidad nuevas.,Gancho concreto; necesidad del lector; guía puente; enlaces y Search Console; cierre sin CTA.,,,data-lab,"Experto cercano, directo e incisivo; ironía ligera opcional",assets/character/personas/social-retention-teacher.md,55,Ejemplo de pérdida de peso y jardinería; página puente útil; Search Console,Cifras no verificadas; penalización automática; garantías SEO; CTA inventado,https://developers.google.com/search/docs/fundamentals/creating-helpful-content https://developers.google.com/search/docs/crawling-indexing/links-crawlable https://support.google.com/webmasters/answer/7576553?hl=es,not_started,draft,https://media.urltovideo.es/hyperframes/drafts/puentes-tematicos-seo-v2-20260928-110728.mp4,hfb-puentes-tematicos-seo-v2-36413625439,V2 del vídeo puentes temáticos; conservar borrador original.,content/video-queue/pending/puentes-tematicos-seo-v2,assets/character/audio/generated/puentes-tematicos-seo-v2,GitHub issue labels: hyperframes:validate; hyperframes:render-draft,2026-09-28,,,,,,,,
puentes-tematicos-seo-v3,needs_review,media,Puentes temáticos: cómo conectar dos temas para la misma audiencia,SEO: conectar contenidos de pérdida de peso y jardinería,Profesionales SEO y responsables de webs de contenido,Explicar con un ejemplo claro cómo una guía útil conecta dos temas para la misma audiencia,Tercera versión con el guion propuesto al usuario y la voz nueva.,Situación y pregunta; pregunta compartida; guía útil; enlaces que amplían la respuesta; cierre natural.,,,data-lab,"Experto cercano, claro y natural; sin frases efectistas repetidas",assets/character/personas/social-retention-teacher.md,50,Web de pérdida de peso y jardinería; cultivar verduras; guía puente para la misma audiencia,Penalización no planteada; compostaje sin contexto; cifras no verificadas; CTA inventado,https://developers.google.com/search/docs/fundamentals/creating-helpful-content https://developers.google.com/search/docs/crawling-indexing/links-crawlable https://support.google.com/webmasters/answer/7576553?hl=es,not_started,draft,https://media.urltovideo.es/hyperframes/drafts/puentes-tematicos-seo-v3-20260928-114843.mp4,hfb-puentes-tematicos-seo-v3-36417804893,V3 del vídeo puentes temáticos; conservar borradores anteriores.,content/video-queue/pending/puentes-tematicos-seo-v3,assets/character/audio/generated/puentes-tematicos-seo-v3,GitHub issue labels: hyperframes:validate; hyperframes:render-draft,2026-09-28,,,,,,,,
puentes-tematicos-seo-v4,scheduled,media,Puentes temáticos: cómo conectar dos temas para la misma audiencia,SEO: conectar contenidos de pérdida de peso y jardinería,Profesionales SEO y responsables de webs de contenido,Explicar con un ejemplo claro cómo una guía útil conecta dos temas para la misma audiencia,V4 del vídeo puentes temáticos con el mismo guion y voz; plantilla corregida para lectura sin repeticiones.,Situación; pregunta común; guía útil; enlaces relacionados; cierre natural.,,,data-lab,"Experto cercano, claro y natural; mismo guion V3",assets/character/personas/social-retention-teacher.md,50,Web de pérdida de peso y jardinería; cultivar verduras; guía puente para la misma audiencia,Penalización no planteada; compostaje sin contexto; cifras no verificadas; CTA inventado,https://developers.google.com/search/docs/fundamentals/creating-helpful-content https://developers.google.com/search/docs/crawling-indexing/links-crawlable https://support.google.com/webmasters/answer/7576553?hl=es,not_started,draft,https://media.urltovideo.es/hyperframes/drafts/puentes-tematicos-seo-v4-20260928-121526.mp4,hfb-puentes-tematicos-seo-v4-36420557237,"V4 con plantilla corregida; conservar V3 para comparación. Reel scheduled through n8n for 2026-09-28T16:44:37.333Z (instagram, facebook).",content/video-queue/pending/puentes-tematicos-seo-v4,assets/character/audio/generated/puentes-tematicos-seo-v4,GitHub issue labels: hyperframes:validate; hyperframes:render-draft,2026-09-28,reel-puentes-tematicos-seo-v4-36453208305,2026-09-28T16:44:37.333Z,"instagram,facebook",pending,,,,
seo-aeo-pizarra-v3,scheduled,alta,SEO y AEO: por qué aparecer en Google no basta,SEO y AEO,Autónomos y pequeños negocios,Explicar SEO y AEO con contexto y un ejemplo útil,Guion completo en experiments/seo-aeo-pizarra-v3/guion.md,,,,pizarra,"Claro, natural y contextualizado",assets/character/personas/social-retention-teacher.md,92.8,,,,generated,draft,https://github.com/specialcowboy69/hypervideo/releases/download/video-seo-aeo-pizarra-v3/seo-aeo-pizarra-v3.mp4,,"Standalone whiteboard v3 rendered locally and approved in chat. Public release asset digest matches delivered MP4. Queue lifecycle remains needs_review until the guarded publish Action reserves this approved request. Do not rerender through the data-lab builder. Reel scheduled through n8n for 2026-09-29T16:01:53.184Z (instagram, facebook).",experiments/seo-aeo-pizarra-v3,,,2026-09-29,reel-seo-aeo-pizarra-v3-36594683313,2026-09-29T16:01:53.184Z,"instagram,facebook",pending,,,,
cro-actualiza-contenido,scheduled,alta,CRO: actualiza lo que ya recibe visitas,CRO y optimización de conversiones,Autónomos y pequeños negocios,Explicar cuándo conviene mejorar páginas con tráfico antes de publicar más,Guion completo en experiments/cro-actualiza-contenido/guion.md,,,,pizarra,"Claro, natural y contextualizado",assets/character/personas/social-retention-teacher.md,65.1,,,,generated,draft,https://github.com/specialcowboy69/hypervideo/releases/download/video-cro-actualiza-contenido/cro-actualiza-contenido.mp4,,"The first publication attempt returned no accepted jobs and n8n reported not_found. The user authorized one retry of the same MP4 without cover_url. Reel scheduled through n8n for 2026-09-30T20:10:14.682Z (instagram, facebook).",experiments/cro-actualiza-contenido,,,2026-09-30,reel-cro-actualiza-contenido-36770712536,2026-09-30T20:10:14.682Z,"instagram,facebook",pending,,,,
seo-01-copiar-titulo,scheduled,media,Por qué copiar el título del nº1 no funciona,,,,,,,Guarda esto,faceless-explainer,,,42.5,,,,,draft,https://github.com/specialcowboy69/openframes/releases/download/video-seo-01-copiar-titulo/seo-01-copiar-titulo.mp4,,"Vídeo standalone renderizado en local con HyperFrames (1080x1920, 42,5 s, voz en off Kokoro, subtítulos karaoke y música). Alojado como asset de una Release pública del repo openframes. Sin portada (include_cover=false) por problemas del endpoint. Publicar después que V1 sea aprobado en la serie. Reel scheduled through n8n for 2026-10-07T12:02:57.481Z (instagram, facebook).",,,,2026-10-07,reel-seo-01-copiar-titulo-37618230231,2026-10-07T12:02:57.481Z,"instagram,facebook",pending,,,,
seo-02-modificador-lujo,publishing,media,Dónde colocar el modificador (y el error de lujo),,,,,,,Guarda esto,faceless-explainer,,,29.8,,,,generated,draft,https://github.com/specialcowboy69/openframes/releases/download/video-seo-02-modificador-lujo/seo-02-modificador-lujo.mp4,,"Vídeo standalone renderizado en local con HyperFrames (1080x1920, 29,8 s, voz en off Fish Audio ""Pablo"", voz continua sin silencios, efectos de sonido, subtítulos karaoke y música). Alojado como asset de una Release pública del repo openframes, con portada. Primer intento (reel-seo-02-modificador-lujo-37786276562) rechazado por n8n: la respuesta no traia ningun job (status not_found, comprobado con la Action de estado). Reserva reconciliada y reintento sin portada (include_cover=false).",,,,2026-10-08,,,,,,,,
